Registration,Make,Model,YearOfManufacture,DealerId,Cost,Price
OAC483,BMW,Z4,2004,4444,41770,53048
MTG651,Ford,E250,2007,4444,125192,151482
PFK687,Mitsubishi,Endeavor,2011,1111,67655,92011
GBT888,Porsche,928,1995,5555,6108,9040
LWT557,Audi,Coupe Quattro,1991,3333,53408,79044
ALJ083,Dodge,Grand Caravan,2009,1111,12201,13543
RCS251,Ford,E350,2006,5555,122630,145930
RPO744,Audi,A4,1998,5555,12154,15314
XMQ236,Saab,900,1989,1111,17488,22385
YQF710,Ford,Expedition,2006,1111,56785,77795
VLB643,Ford,Flex,2012,3333,5969,6864
VDL825,BMW,5 Series,1993,1111,83134,99761
WLA096,Honda,Ridgeline,2008,1111,118465,168220
JWU434,Saab,9-Mar,2005,5555,106275,149848
FZL529,Mitsubishi,Montero,2000,3333,54870,63101
DFR867,Volvo,V70,2008,5555,20311,28435
LWO623,Ford,Falcon,1966,3333,20716,31074
CMD886,Hyundai,Elantra,2001,1111,147801,199531
OBT470,Ford,Bronco,1988,3333,68569,95997
DBG977,Fillmore,Fillmore,1960,5555,90709,128807
ANF836,Dodge,Grand Caravan,2004,4444,87730,113172
WGP239,Toyota,Sienna,2009,3333,12636,16300
FYU319,Honda,Accord,1998,5555,125334,179228
WNJ897,Oldsmobile,Intrigue,1999,4444,68438,87601
TVB434,Ford,Thunderbird,1980,3333,43064,57275
AKB912,Infiniti,I,2002,3333,99133,110038
OLY832,Audi,S6,1995,1111,123754,157168
CEY756,Chevrolet,Express 2500,1998,1111,29966,35360
ZSC204,Mitsubishi,Challenger,2004,3333,41764,53040
RQE400,Mercedes-Benz,M-Class,2001,4444,72918,105002
ZGL274,Plymouth,Colt,1994,3333,95698,130149
DJU852,GMC,Yukon,2001,1111,24320,35750
UVO711,Maserati,Biturbo,1986,1111,96556,140972
YVO997,Dodge,D350 Club,1993,3333,28679,42732
FDX420,Hyundai,Elantra,2000,1111,41214,49869
HSI863,Ford,Tempo,1986,5555,129615,186646
TYH673,Toyota,Highlander,2007,3333,128830,146866
QNK231,Subaru,Legacy,2003,5555,124200,173880
AUF243,Pontiac,Grand Prix,1971,5555,115141,168106
JYM708,Lamborghini,Countach,1990,3333,13910,17527
AXH465,Mitsubishi,Expo LRV,1996,4444,41806,56020
FSX273,Cadillac,Brougham,1992,4444,44868,55188
YBG398,Land Rover,LR2,2011,5555,102664,117037
NSY757,Toyota,Camry,2001,1111,29118,33486
IYK529,Ford,Fairlane,1967,4444,56062,77366
UGS820,GMC,Acadia,2008,1111,109069,126520
TLP450,Audi,4000,1987,1111,91487,116188
WFS999,Pontiac,Tempest,1961,3333,54829,77857
SYI093,Oldsmobile,Silhouette,1994,5555,41117,57975
FVL023,Jeep,Grand Cherokee,2005,4444,54107,80619
XYO712,Saab,900,1997,3333,24037,28844
ZES726,Ford,Taurus,2005,3333,15354,21035
BVW354,Dodge,Durango,2004,4444,80174,96209
YFC175,Chevrolet,Cavalier,2004,3333,26245,29132
VJY792,Toyota,Celica,1978,5555,113135,167440
JCL172,Nissan,Altima,1994,1111,60863,73036
MJV706,Nissan,Titan,2009,5555,88235,131470
TJA328,Dodge,Ram 3500,2000,3333,39398,51217
DGN152,Acura,NSX,2002,3333,75005,100507
NPI128,Hyundai,Elantra,2001,3333,31242,42802
NRD522,Dodge,Nitro,2009,4444,94090,114790
HOF100,Nissan,Versa,2011,1111,16098,21893
UHC330,Ford,LTD Crown Victoria,1988,3333,22585,30716
FDJ956,Suzuki,Sidekick,1998,1111,93752,125628
VWK832,Ford,F350,2012,4444,73574,97853
YUX613,Mazda,MPV,2006,1111,111024,139890
YFM168,Ford,Econoline E350,2000,5555,115785,149363
DPK044,Jeep,Patriot,2011,5555,35759,49347
MCJ555,Chevrolet,Sonic,2012,5555,103673,150326
UJP736,GMC,Sonoma,1994,3333,144396,196379
BVH512,Chevrolet,Blazer,1992,1111,145846,195434
EYL026,Honda,del Sol,1993,3333,62509,75011
JPR021,Toyota,4Runner,1995,5555,8698,12699
TYZ248,GMC,Yukon XL 2500,2010,1111,146821,192336
OIZ142,BMW,Alpina B7,2008,5555,73116,83352
UEA565,Ford,F250,2007,5555,38712,49938
WAY593,BMW,X6,2010,5555,39444,49699
WQZ683,Buick,Century,2004,4444,46089,67290
SRP689,Lexus,GS,2000,1111,132976,164890
MVU980,Toyota,Sequoia,2005,5555,39249,45529
EQB279,Mercury,Mountaineer,2002,1111,49684,70054
YZJ512,Chrysler,Sebring,2003,3333,121143,159909
HAB764,Dodge,Avenger,2011,4444,24774,36170
AMK791,Audi,A4,2008,3333,119462,149328
IEX687,Jaguar,S-Type,2001,3333,127374,155396
AUY558,Mitsubishi,Montero,2005,5555,94319,126387
RVS008,GMC,Yukon XL 1500,2003,4444,58821,86467
NTJ807,Dodge,Challenger,2012,4444,58312,76389
TUF173,Volkswagen,Jetta,1999,4444,51130,74139
FMZ455,Mercury,Monterey,2006,3333,108643,137977
VYU035,Ford,Galaxie,1964,4444,137850,177827
PEJ793,Infiniti,QX,1998,3333,70201,104599
THF081,Nissan,Sentra,2000,3333,8892,12271
SXH141,Mazda,Protege,1992,5555,138616,191290
OXW612,Mercedes-Benz,SLK-Class,1998,3333,50374,72539
KYD894,Subaru,Forester,2003,1111,94950,136728
SDX933,Toyota,Avalon,2007,5555,96462,134082
CRN672,Saab,9-May,2007,3333,59258,81183
HFW235,Lexus,IS F,2010,1111,92467,102638
AMK495,Chevrolet,Tahoe,2013,4444,36349,43255
HBV993,Lincoln,Mark LT,2007,3333,120455,144546
DFT908,Toyota,4Runner,2002,3333,38808,45017
RCX646,MINI,Cooper,2009,5555,72989,108754
HBL964,Jaguar,XK Series,1999,1111,80744,92856
JYO217,Lexus,IS,2011,5555,44312,65139
SFN511,Buick,Roadmaster,1992,1111,99731,115688
LAO370,Saturn,Ion,2005,3333,33239,38890
LGM634,Volkswagen,Golf,2001,4444,130454,155240
EPQ763,Subaru,XT,1991,1111,122338,167603
LWD673,Hyundai,Entourage,2007,1111,95732,110092
IQE616,Toyota,Camry,1992,3333,131512,172281
OPX966,Chevrolet,2500,1997,1111,7130,9911
MLZ545,Mercedes-Benz,400SEL,1993,4444,72594,96550
FZH367,Pontiac,Firebird Formula,1999,5555,102822,132640
YMZ315,BMW,745,2002,1111,28093,41859
TXI243,Volkswagen,Passat,2007,4444,58053,67341
STU641,Tesla,Roadster,2010,1111,44060,53313
RIU241,Rolls-Royce,Phantom,2011,3333,138852,191616
JIQ076,Toyota,RAV4,2003,4444,73767,100323
CLW238,Volkswagen,GTI,2006,3333,31013,41868
TVD236,Porsche,914,1970,5555,83429,99281
AEL126,Nissan,300ZX,1995,3333,45290,60236
JPN581,Volkswagen,Passat,1995,1111,82101,116583
XUA505,Lamborghini,Diablo,1994,1111,108986,144951
SEF484,GMC,Savana 3500,2002,5555,133753,160504
QVI898,Honda,Civic,2004,3333,87125,124589
SPY411,Suzuki,Swift,2006,3333,124188,155235
MLI540,Chevrolet,Tahoe,1997,5555,60561,76912
JTQ335,Buick,Rainier,2004,3333,55145,79409
XDJ856,Mazda,626,1991,3333,59566,69097
KVW766,Audi,S4,2001,5555,60523,67786
YGX667,Dodge,Durango,2006,3333,49143,58972
BXD202,Volkswagen,rio,1998,1111,54019,75086
JXW441,Ford,Mustang,1988,3333,140301,173973
OLM451,Porsche,911,1997,1111,42431,60676
TZN415,Nissan,370Z,2009,3333,31055,35713
HOB808,Jaguar,XJ Series,1999,4444,12405,16747
NWF370,Nissan,GT-R,2009,4444,95513,129898
ULW028,Cadillac,STS-V,2006,3333,87506,96257
FNV343,BMW,6 Series,2009,5555,123456,135802
OET287,Audi,Coupe GT,1986,4444,103675,122337
JQI966,GMC,Sierra 2500,2006,5555,33277,36605
RKE870,Acura,RL,1997,3333,69449,102090
NUV864,Ford,Taurus,1995,3333,19543,27946
EXK755,Pontiac,Bonneville,1993,5555,113037,158252
GLV844,Bentley,Mulsanne,2012,4444,18367,27367
JBO758,Chevrolet,1500,1998,5555,35799,53341
LJI198,Volkswagen,Quantum,1984,1111,69294,93547
TWV161,Buick,LeSabre,1998,5555,19491,22415
CYU482,Ford,E-Series,1995,5555,57671,68628
TCB957,Audi,90,1991,1111,48900,57702
IMA517,Hyundai,Veloster,2012,4444,115946,135657
XFN398,Mazda,Miata MX-5,2000,1111,8489,10187
FLI277,Land Rover,Range Rover Sport,2009,5555,60754,71082
LBG299,Toyota,Camry,2012,4444,60695,77690
IFE058,Plymouth,Colt Vista,1992,1111,38654,54502
BTQ393,Chrysler,Sebring,2008,3333,14428,20921
YGQ820,Mercedes-Benz,S-Class,2000,5555,75076,106608
EJW733,Dodge,Caliber,2009,3333,73535,97066
ZLG804,Cadillac,Escalade EXT,2008,1111,40035,52846
VML684,Pontiac,G6,2009,4444,72418,86177
KOV018,Mercedes-Benz,E-Class,1996,1111,28657,38687
HOZ881,GMC,Suburban 2500,1995,3333,107974,133888
YST585,Chevrolet,Avalanche 1500,2006,5555,130427,159121
ILZ663,Cadillac,STS-V,2006,4444,61108,87384
RCI996,Land Rover,Range Rover,2002,1111,130505,176182
LKO125,Ford,Fiesta,2013,1111,92122,126207
KLI204,Audi,A3,2006,3333,128825,145572
EPZ485,Mercedes-Benz,C-Class,1996,5555,88409,132614
ATS246,Citroën,CX,1989,4444,112629,143039
PGJ130,Mazda,Miata MX-5,2000,1111,40002,59203
TSB048,Lamborghini,Countach,1985,1111,33703,39095
RAV070,GMC,3500 Club Coupe,1995,5555,59391,84335
JHI103,Lamborghini,Murciélago,2006,5555,80077,110506
HYQ847,Mitsubishi,Outlander,2008,5555,39580,49475
ZYS850,Honda,Prelude,1992,3333,12155,15194
XLB759,Chevrolet,Malibu,2007,5555,16236,21432
CKQ486,Nissan,NV1500,2012,3333,139119,203114
GQE901,Buick,Verano,2012,1111,85645,122472
OVG832,Chrysler,Fifth Ave,1992,5555,15572,19776
IMP595,Subaru,Impreza,2006,5555,106479,149071
JRL939,Spyker,C8 Spyder Wide Body,2004,3333,135249,175824
OXP800,Pontiac,Grand Prix,1973,3333,78681,108580
RDU819,GMC,Canyon,2006,5555,122672,174194
SQV321,Smart,Fortwo,2011,3333,86535,102111
RZJ035,Bentley,Continental GTC,2009,3333,66888,90968
NWD158,Toyota,Camry,2008,3333,149751,167721
ZFL454,Buick,Regal,1987,5555,42003,52504
HXY274,Infiniti,Q,2005,3333,129646,147796
WNU206,Acura,MDX,2009,3333,124738,144696
GXP381,Nissan,Pathfinder,1998,5555,31883,45274
SCP940,Dodge,Durango,2001,1111,14438,18192
FLJ402,Maserati,430,1989,4444,112306,158351
UWR732,Subaru,SVX,1994,1111,71700,82455
DRO513,Dodge,Shadow,1992,1111,126391,165572
ZVW925,Mazda,626,1996,1111,6931,9080
ULZ210,GMC,Safari,2000,4444,98143,120716
NLP870,Lexus,SC,1996,1111,37661,45570
XHD185,Mercedes-Benz,CL-Class,2006,3333,132593,165741
TCR617,Honda,Accord,2004,1111,17989,24825
LWR250,Mercedes-Benz,G-Class,2005,3333,88059,106551
LDQ233,Volkswagen,Jetta,2008,5555,25014,35270
WUH535,Mercedes-Benz,SL-Class,1988,3333,75299,99395
CNY974,Honda,S2000,2003,3333,91216,110371
PTQ900,Dodge,Ram Van 2500,1999,5555,38189,53846
CZI074,Chrysler,LeBaron,1995,5555,42391,51293
TMJ108,GMC,3500,1999,1111,20520,30575
UQX395,Audi,A4,2007,5555,69967,93756
XWR953,Chevrolet,Suburban 2500,2009,5555,21667,27517
NHO398,Lincoln,Continental,1985,4444,44436,51101
XJN248,Mercedes-Benz,C-Class,2008,4444,96429,111858
HXP191,Chevrolet,Cobalt,2008,1111,83809,93028
ZBU228,Dodge,Neon,1998,5555,146310,203371
JMG419,Ford,F150,1996,3333,100624,146911
EQS830,Volkswagen,Passat,1994,4444,75615,102080
YKB578,Audi,TT,2005,5555,38550,44333
LXA599,Porsche,Carrera GT,2005,1111,76608,103421
ZCH786,Nissan,JUKE,2011,1111,50383,64994
SJN853,Aston Martin,DB9,2005,4444,135182,197366
AYV489,Dodge,Daytona,1992,5555,93372,127920
LQU549,Dodge,Viper,2002,3333,63656,78297
DAG279,Dodge,Viper,2005,3333,87401,127605
FKP192,Chrysler,LHS,1995,4444,38563,46661
FGV294,Dodge,Charger,2011,4444,83958,112504
RAO683,Ford,Econoline E250,1996,3333,28899,32078
VFP940,Honda,Odyssey,2010,1111,90202,123577
PCU789,Maserati,Gran Sport,2005,4444,87184,121186
UCF738,Mercedes-Benz,E-Class,1997,5555,106870,144275
GAL917,Cadillac,Eldorado,1992,5555,47206,56647
OLM915,Audi,A6,1998,4444,110451,134750
JDH581,Mercedes-Benz,300D,1993,3333,145784,199724
CLS138,Aston Martin,DBS,2009,4444,129657,185410
PEB796,Mercury,Monterey,2006,4444,132148,178400
LPU310,Maserati,430,1989,4444,41640,54548
JVH673,Ford,Explorer Sport,2002,4444,10370,14622
GFQ067,Isuzu,VehiCROSS,1999,3333,25266,28045
LED418,Suzuki,Grand Vitara,2011,3333,10241,11572
IOK644,Pontiac,6000,1984,3333,69444,83333
DXF888,Lamborghini,Reventón,2008,4444,112696,157774
YKU757,Buick,Coachbuilder,1990,3333,60087,69701
GRP993,Cadillac,STS-V,2009,4444,144595,166284
TJU039,Suzuki,SJ 410,1984,1111,25852,32574
CYO782,Toyota,RAV4,1999,4444,124529,175586
RDW919,Toyota,Previa,1991,3333,34364,42611
ETY395,Jeep,Grand Cherokee,1999,3333,77946,97433
OPZ503,Volkswagen,Cabriolet,1998,3333,48404,72122
NAW411,Cadillac,SRX,2008,1111,46794,65512
VNO987,Mazda,MPV,2006,3333,102337,147365
HDY550,Infiniti,G25,2011,5555,149062,168440
NMG948,Lincoln,MKT,2011,5555,83224,104862
YGP380,Porsche,944,1988,1111,37134,47903
BJM369,Kia,Sportage,1997,3333,102261,152369
IMU585,Mercedes-Benz,SLS-Class,2011,1111,116135,132394
OZR582,Chrysler,PT Cruiser,2004,3333,42199,54437
HIX788,Mazda,Mazdaspeed 3,2010,5555,149746,167716
SDN027,Oldsmobile,Bravada,2002,1111,14711,20154
PAN161,Porsche,Boxster,2009,4444,11457,14894
VED729,Chevrolet,Malibu,2004,5555,135440,159819
EKP222,Mazda,MX-5,1995,1111,14243,17519
ZNT341,Volkswagen,Eurovan,2002,5555,116801,161185
NOH656,Suzuki,Vitara,2000,4444,68611,80275
GCJ451,Porsche,911,2003,5555,128901,157259
BHK117,Mercedes-Benz,GL-Class,2010,5555,108015,131778
KLA942,Studebaker,Avanti,1963,1111,143347,176317
PYF151,Lexus,ES,1999,3333,87039,121855
RMO617,Chevrolet,Tahoe,1995,5555,55698,76306
AXG766,Rolls-Royce,Phantom,2009,4444,38346,54068
TEK853,Cadillac,Escalade,1999,3333,125209,141486
HFI739,Chevrolet,Corvette,2004,5555,40767,56666
ZGR666,Isuzu,Trooper,1998,3333,90279,104724
QEN003,Lexus,ES,2000,1111,83169,122258
CET524,Ford,F150,2005,1111,84969,94316
VPQ924,Hyundai,Elantra,2012,5555,91492,131748
MFI231,Chrysler,Imperial,1992,3333,111957,158979
AKD171,Toyota,Sienna,2002,3333,51290,70267
LTW548,Volkswagen,Jetta,2002,3333,31403,44592
DQE799,Volkswagen,Type 2,1986,3333,69612,98153
JGU788,Ford,Tempo,1994,9999,69991,96588
IRJ916,Hummer,H2,2008,1111,48475,70774
KBL661,Chevrolet,Tahoe,2002,5555,9051,10771
ZBF813,Isuzu,Rodeo,2003,1111,39207,52145
QFC733,Saab,9-Mar,2004,4444,20260,28972
MPG771,Ford,E-Series,1987,5555,88880,111989
BMW890,Mitsubishi,Diamante,2005,1111,108821,149085
NQD511,Ford,LTD Crown Victoria,1987,3333,5218,6262
FTA403,Chevrolet,Express,2006,1111,27902,37110
YPL391,Dodge,Dakota,2003,5555,123319,177579
FKA687,Cadillac,Escalade,2003,5555,70103,89732
CAF946,Mercedes-Benz,300D,1993,1111,31945,47598
OWY201,Isuzu,Hombre,1998,4444,40650,47967
BRU721,Mitsubishi,GTO,1997,3333,63777,72068
RPW212,Mazda,Mazda3,2005,5555,55839,79850
OIM321,Chevrolet,G-Series G10,1995,5555,51778,61098
CNP824,Dodge,Viper RT/10,1995,5555,29411,35881
YCE164,Maybach,57,2003,9999,144170,168679
ZQN582,Chevrolet,Tahoe,2000,5555,83865,96445
BPW433,Audi,Q5,2011,3333,131974,191362
PVQ520,Toyota,Tacoma Xtra,1998,5555,24683,37025
BPN199,Kia,Spectra5,2006,4444,136624,178977
UFJ488,Chevrolet,Corvette,1961,1111,43411,49923
BNA917,Plymouth,Acclaim,1993,5555,100614,146896
OHV025,Land Rover,Discovery,2008,1111,12615,17156
ETV083,Kia,Amanti,2005,3333,30077,41807
WGL774,Pontiac,Firebird,1991,5555,18832,22222
ABP585,Chevrolet,Avalanche,2011,3333,83311,108304
MPF808,Mazda,Miata MX-5,2002,5555,9807,14711
TSG853,Lexus,ES,2003,5555,92914,126363
SCV891,Volkswagen,Golf,1991,4444,94095,112914
PHB653,GMC,Sonoma Club Coupe,1994,3333,135701,150628
RHG400,Buick,Roadmaster,1992,1111,84961,119795
BKC105,Toyota,Yaris,2006,3333,42577,54073
IAJ157,GMC,Rally Wagon 2500,1992,5555,64466,94765
YEJ222,Chevrolet,Suburban 1500,2010,1111,132519,145771
YTQ771,Isuzu,Rodeo,2000,1111,81359,100885
QJV635,Pontiac,Grand Prix,2006,1111,44318,57613
ZXU296,Volkswagen,Touareg,2005,3333,54572,75855
IXT880,Ford,Bronco,1985,4444,133499,180224
LHZ650,BMW,7 Series,2000,9999,65112,90506
VWO375,Chevrolet,Camaro,1994,3333,70370,87963
VMD868,Toyota,MR2,2004,1111,55523,80508
GQE530,Dodge,Ram Wagon B350,1992,3333,79656,97180
BZM914,Toyota,Camry,1999,3333,65140,74260
ETX536,Ford,Probe,1991,3333,69678,104517
AMT233,Toyota,Celica,1998,5555,5350,7490
XYA635,Mercedes-Benz,CL-Class,2001,4444,83225,123173
LTM818,Mercury,Grand Marquis,2005,1111,34016,48983
YOT983,Jaguar,XK,2012,1111,37534,46167
RST279,Volvo,S70,1999,4444,143787,159604
ADC594,Jaguar,XK,2012,1111,121440,144514
HEZ275,Oldsmobile,Cutlass Supreme,1993,4444,131744,158093
ILY229,Isuzu,Trooper,1996,3333,7123,8833
RIC574,Bentley,Continental GT,2007,3333,72147,96677
KIT661,Honda,Pilot,2012,5555,142414,165200
NTU454,Mitsubishi,Lancer,2008,5555,144686,163495
JKB754,Mercedes-Benz,600SEC,1993,5555,118980,174901
BLO949,Cadillac,CTS,2004,5555,80854,90556
QPV405,GMC,1500 Club Coupe,1992,1111,17586,19696
UVG107,Mercury,Mariner,2008,1111,93085,137766
OQH668,Mercedes-Benz,400SEL,1993,4444,141874,204299
MZX997,Lamborghini,Diablo,1992,4444,127237,180677
NUR573,Lexus,SC,1998,3333,62842,74782
QLI951,Porsche,Cayenne,2010,4444,92771,118747
LRB887,Mercury,Tracer,1996,5555,14900,18923
OSG021,GMC,1500 Club Coupe,1999,4444,101852,138519
TLE251,Mitsubishi,Outlander,2003,3333,30051,43874
ZQR307,Saturn,S-Series,1992,4444,5058,5968
CIT246,Lexus,LS,2007,3333,143123,157435
XKT794,Subaru,Outback,2010,1111,66104,74036
BQW916,BMW,760,2004,4444,36179,43777
ZVI022,Saab,9000,1993,5555,25470,28017
WQK103,Buick,Century,2000,1111,110092,134312
VKD352,Mercedes-Benz,SLK-Class,2006,1111,87575,103339
DSK962,Ford,Aerostar,1991,3333,143215,197637
JHM370,Mitsubishi,Lancer Evolution,2011,1111,106328,121214
TSR766,Volkswagen,Passat,1988,5555,94947,123431
BWL485,Chevrolet,2500,1993,4444,147029,204370
BQM198,Chevrolet,TrailBlazer,2005,5555,143125,164594
SPV252,Ford,Fiesta,2011,1111,53056,69503
NWQ897,Chevrolet,Corvette,1954,5555,13299,15959
TXH845,Toyota,Solara,2005,1111,27088,30068
MOT952,Pontiac,G5,2008,3333,92011,127895
AJH790,Infiniti,G,1992,3333,72138,95222
SPI535,Mitsubishi,RVR,1994,1111,102788,145959
KMN242,Lincoln,Navigator,2010,5555,21545,25208
TEX180,Toyota,Celica,1982,4444,146925,220388
WVI068,Ford,Tempo,1990,4444,134097,151530
QXG634,Mazda,Mazda2,2011,3333,92159,127179
NTB123,Dodge,Magnum,2006,1111,31998,35198
HJR901,Volkswagen,Jetta,1994,3333,69835,85199
MPE650,Nissan,Leaf,2012,4444,73033,104437
STO383,Mitsubishi,Mighty Max,1995,1111,140254,197758
WKH821,Mercury,Cougar,1969,4444,53493,67401
APH256,Chrysler,Concorde,1995,4444,65344,84947
ZIV420,Dodge,Neon,1996,1111,95642,128160
WKP398,Plymouth,Grand Voyager,1992,3333,6088,8706
LAO331,Volkswagen,Cabriolet,1988,5555,42668,52055
MGE888,Ford,Club Wagon,1996,1111,62096,75757
YKB180,Chevrolet,Silverado 2500,2001,3333,59090,73272
QKA683,Volkswagen,Golf,1985,4444,103577,137757
VSA757,Pontiac,6000,1988,5555,114971,137965
BIH156,Maserati,Coupe,2006,5555,131944,178124
LXS899,Dodge,Dakota Club,1995,1111,137966,179356
PCB166,Maserati,Gran Sport,2005,5555,107169,144678
EJW605,Cadillac,Escalade,2004,1111,73182,90746
KXV527,Bentley,Continental Flying Spur,2007,3333,148907,211448
NQV921,Acura,ZDX,2010,3333,95294,127694
FMJ050,Volvo,V40,2000,1111,83723,106328
KYX732,Mazda,Mazda3,2004,1111,16302,20867
BST318,Dodge,Ram Van 1500,1997,3333,90496,104975
ODM397,GMC,Sierra 2500,2012,4444,23305,33559
FQK320,Lincoln,MKZ,2011,1111,48627,56407
QNT981,Aston Martin,V12 Vantage,2012,1111,48793,73190
NQB750,Audi,80,1989,5555,6183,9213
SWU049,Ford,F-Series,2009,1111,53854,80781
KCX696,Honda,S2000,2005,1111,94157,112988
LRB616,Acura,RDX,2009,5555,73809,102595
GTW859,Kia,Sportage,1995,5555,126750,186323
RCB667,Ford,F-Series Super Duty,2010,4444,28254,38143
HFS986,Cadillac,XLR,2004,1111,109977,144070
MOZ829,Bentley,Continental GT,2010,4444,141012,164984
ZEW516,Acura,CL,2001,1111,136725,187313
ULY060,Pontiac,Firebird,1985,1111,129372,173358
BJO294,Toyota,Xtra,1993,4444,140958,208618
HKD965,Jaguar,XJ,2006,3333,100965,125197
UZL249,Oldsmobile,Intrigue,2001,3333,127470,160612
UJA072,Mitsubishi,Expo,1994,4444,26834,36494
DHJ119,Dodge,Ram,2009,1111,110361,130226
BNX689,Dodge,Intrepid,1999,3333,147485,168133
VHM977,Toyota,Prius,2002,1111,124147,175047
XWP003,Chrysler,Sebring,2003,3333,81294,104869
DYA333,Mercury,Grand Marquis,2004,3333,116363,150108
QJP641,Volkswagen,rio,2002,3333,84990,118986
LYU013,Geo,Tracker,1993,5555,18718,26954
SUD258,Oldsmobile,Aurora,1995,4444,48558,72351
ZXM198,Fillmore,Fillmore,1960,5555,78612,99837
COH095,Ford,Crown Victoria,1995,4444,132198,191687
VFA799,Nissan,Sentra,2010,5555,100200,135270
NTC632,Jaguar,XJ Series,1994,4444,77228,90357
WIH123,Ford,F-Series,2006,1111,149751,191681
VBO094,Mitsubishi,Montero Sport,2003,5555,62353,88541
MLU564,Audi,5000CS,1987,4444,22210,27318
DYT637,Chrysler,Sebring,2003,4444,25076,36109
QSF733,Dodge,Charger,2006,1111,139117,201720
UXQ889,Jaguar,S-Type,2004,3333,25651,32577
VUI287,Hummer,H1,2002,3333,100453,116525
NZM200,Chevrolet,Sportvan G10,1992,1111,137258,175690
AWH417,Infiniti,G,1992,5555,84914,104444
LDV263,Saab,9000,1988,5555,108435,139881
GME334,BMW,M3,2010,5555,100215,121260
BEH922,Chevrolet,TrailBlazer,2003,5555,70488,89520
NFZ976,Dodge,Caravan,2009,4444,121465,143329
ZGH086,Pontiac,Grand Prix,1990,5555,102502,150678
MGO496,Mercedes-Benz,C-Class,1996,1111,29313,43090
LWO706,Hyundai,Sonata,2005,1111,112423,164138
ZRY976,Buick,Park Avenue,2003,3333,120025,157233
RCZ478,Chevrolet,Suburban 1500,1997,1111,125320,161663
OTY284,GMC,Sonoma,2002,1111,32832,47278
LDH731,Lincoln,LS,2002,5555,32427,41831
GWB717,Mercedes-Benz,CLK-Class,2007,1111,141790,192834
UHE654,Chevrolet,Camaro,1985,1111,76018,107185
VTO103,Toyota,Tacoma,2001,1111,142078,196068
DVH303,Toyota,Land Cruiser,2001,5555,41561,59848
DJN671,Subaru,Legacy,2008,3333,74204,91271
XYN888,Ford,Econoline E250,1993,1111,110364,144577
CEV222,Mazda,MX-3,1995,3333,104049,132142
GYK646,Dodge,Sprinter,2008,4444,10649,13311
WFP140,Ford,ZX2,2003,5555,105498,155082
JMD736,Mercedes-Benz,C-Class,1998,5555,76061,91273
YWQ825,Subaru,Outback,2012,1111,146043,179633
CNQ189,Infiniti,QX,2012,5555,39424,52828
OME068,Land Rover,Range Rover,2008,4444,89833,115885
JRT955,Chrysler,Voyager,2000,1111,37443,49425
YBI514,Pontiac,Turbo Firefly,1990,3333,9728,11479
ZVM280,Ford,E350,2005,3333,35229,48968
AEJ021,Mercedes-Benz,300SD,1992,4444,70933,103562
LGH469,Volkswagen,Routan,2011,4444,50370,57926
MWQ023,Chevrolet,Blazer,1996,3333,33855,39610
SGN311,Chevrolet,G-Series G20,1994,3333,15896,23367
XHD317,Mitsubishi,Chariot,1987,3333,143950,182817
AYW439,Ford,E150,2003,4444,91808,133122
JIC065,Mitsubishi,Endeavor,2009,4444,115682,136505
RLD524,Chevrolet,Express 1500,2003,4444,34031,47303
WLK633,Suzuki,SX4,2011,3333,135113,182403
XZC325,Mercedes-Benz,C-Class,2011,1111,121313,178330
EXN294,Mercedes-Benz,CL-Class,1998,1111,109546,145696
PUH709,Toyota,4Runner,2009,1111,116918,130948
JOP303,Aston Martin,Vantage,2009,1111,149885,185857
RMF306,Mitsubishi,Diamante,2000,4444,83803,93859
UNG394,GMC,Savana 3500,2000,5555,126258,162873
NQX436,Mercedes-Benz,CLK-Class,2000,3333,54637,72667
WUG546,GMC,Sierra,2008,3333,97621,128860
UAO406,Dodge,Durango,1998,1111,30282,34219
FAK671,Ford,Taurus,2004,3333,5095,5808
GYM857,Aston Martin,Vantage,2006,3333,148927,187648
RFG293,Cadillac,Escalade EXT,2009,3333,123243,150356
SKV594,Ford,Tempo,1988,3333,19972,24566
BYK017,Ford,Fusion,2010,1111,99804,145714
AVW941,Jaguar,S-Type,2003,1111,60075,84105
DSN682,Volvo,S80,2012,3333,71833,105595
NIW276,Pontiac,Trans Sport,1997,3333,121835,153512
IUD391,Mercury,Cougar,1988,5555,55665,83498
STQ754,Dodge,Viper,2004,3333,143021,203090
LKH354,Ford,Crown Victoria,2009,1111,114674,135315
EMH305,Lamborghini,Diablo,1995,1111,93559,118820
JRD345,Lotus,Esprit,1998,5555,12202,17571
IXB191,Dodge,Dakota,2006,4444,132048,179585
OYD448,Mercury,Montego,2006,4444,124135,158893
DZL139,Mitsubishi,Lancer Evolution,2010,5555,121787,169284
BGM648,Saturn,Astra,2009,1111,148800,206832
ERW133,Mercedes-Benz,E-Class,2010,1111,32550,39060
QWI538,Ford,Transit Connect,2011,1111,31189,46784
ZPG477,Scion,xB,2006,4444,102251,145196
MEK998,Audi,A3,2012,4444,89420,104621
KTL293,Pontiac,Grand Prix,1964,3333,48287,71948
CWU496,Mercedes-Benz,C-Class,2004,5555,63677,87237
TKU246,Volkswagen,Passat,1994,4444,76581,84239
GTD506,Mitsubishi,Mirage,1992,5555,132216,193035
DXZ814,Saab,9000,1994,3333,110294,140073
ZQI074,Plymouth,Prowler,1997,5555,141041,194637
XJI952,Pontiac,6000,1985,4444,52126,71934
AHN130,Lincoln,LS,2005,5555,99996,116995
SJK884,Volkswagen,Touareg,2006,5555,14751,17111
YOZ621,Audi,Q7,2010,4444,44736,53683
REI622,Toyota,Tundra,2012,3333,83865,121604
ADU131,Ford,Laser,1985,4444,46372,59820
USD103,Mercedes-Benz,SL-Class,2006,4444,39844,50203
ULE905,Ford,Flex,2013,5555,85182,106478
IWE712,Chevrolet,Astro,2001,1111,94220,128139
SME398,Subaru,Justy,1994,1111,7578,9245
BLJ909,Dodge,Charger,1969,4444,28467,37292
FLD252,Honda,Accord,1999,1111,57828,67080
TFZ930,Lexus,LX,1998,4444,96337,108861
GIA560,Kia,Rio,2003,4444,27005,37537
FBH967,Lincoln,Navigator,2006,5555,20190,24026
RPG291,Audi,S8,2003,1111,130248,152390
HOK138,Volkswagen,Eurovan,2001,1111,145229,206225
EGB041,Pontiac,Grand Prix,1971,3333,65632,90572
MKG677,Mercury,Mountaineer,1981,9999,145397,189016
GOT489,Ford,Focus,2008,3333,28348,35718
FLE518,BMW,5 Series,2011,3333,6685,7888
XIZ692,Chrysler,Sebring,2002,3333,119986,147583
AGD736,Land Rover,Range Rover Sport,2008,5555,63251,75901
FNR036,Kia,Amanti,2006,5555,58450,85922
MKU511,Dodge,Ram Van 3500,1998,1111,132524,164330
VNR982,Chevrolet,Astro,1996,1111,84315,113825
TIE136,Chrysler,PT Cruiser,2006,1111,31448,38681
VJL339,Buick,Skylark,1991,5555,143421,203658
ZIB004,Ford,Windstar,1999,5555,58460,68398
SXI161,Mercedes-Benz,SL65 AMG,2006,5555,58652,78007
JDG178,Toyota,Venza,2013,3333,7906,10436
LYS256,Mercedes-Benz,500E,1993,5555,7488,8761
VOG385,GMC,Sierra,2012,4444,130797,187040
YSG175,Lexus,LX,2010,5555,126818,162327
FKR652,Ford,LTD Crown Victoria,1986,5555,36660,47291
NED105,Pontiac,Firefly,1994,3333,139355,197884
SFZ545,Saturn,S-Series,1995,1111,40604,47507
YSN520,Pontiac,Sunbird,1990,4444,129850,176596
PCK462,Buick,LeSabre,1987,4444,61996,79355
SUN309,Ford,E350,2006,5555,59440,83216
WUZ236,Audi,A4,2000,4444,133011,186215
VJX015,Lincoln,Navigator L,2008,5555,42194,50633
GMP533,GMC,Yukon XL 2500,2011,1111,37260,55145
SDB489,Mitsubishi,Montero,1999,3333,30674,39569
ZAB238,Chevrolet,Malibu,2005,3333,71164,78280
AYK507,Nissan,Sentra,2010,4444,144606,186542
YVI023,Toyota,Echo,2002,4444,59181,88180
KXE180,GMC,Sonoma,1997,1111,127363,157930
EDZ513,Mercedes-Benz,190E,1992,3333,47083,66858
RET965,Maybach,57,2004,3333,62449,85555
DTS650,Subaru,Forester,2007,1111,78360,106570
GZO109,GMC,Savana 1500,1996,5555,11141,15040
VGJ205,Honda,Prelude,1998,1111,34503,41749
DGN978,Honda,Odyssey,1995,3333,69151,85056
ALS135,Mercedes-Benz,CLK-Class,2004,5555,79439,112009
RUN751,BMW,745,2004,4444,74449,90083
VMG334,Hyundai,Azera,2006,5555,97277,137161
LTX007,BMW,M5,2010,1111,48528,55807
HNW549,Nissan,GT-R,2013,5555,10215,14607
VRT730,Chevrolet,Express 2500,2000,3333,73514,86011
ZVE283,Ford,F-Series,1996,4444,95449,105948
ZDR878,Isuzu,i-370,2007,5555,50099,63626
CQV130,Mercury,Marquis,1985,3333,109334,121361
OQS570,Toyota,Sequoia,2002,5555,66123,92572
RYV687,Dodge,Durango,2000,1111,141609,188340
CLH900,BMW,X5,2000,5555,137031,202806
VQN905,Audi,S5,2008,3333,122162,182021
RXN250,Land Rover,Freelander,2005,5555,49037,59825
YFA225,GMC,Yukon Denali,2006,3333,40975,53677
WSD022,Mitsubishi,Galant,2004,4444,139557,159095
OSZ090,Ford,F150,2004,1111,76185,110468
DGW236,Toyota,Sienna,2011,5555,78623,102996
LGE494,Volvo,V70,2007,5555,21239,30372
DWY951,Plymouth,Volare,1976,5555,10486,15624
RZW704,Mitsubishi,Pajero,1993,5555,41614,56179
JTB985,Lotus,Esprit,1990,5555,118689,147174
FVM202,Ford,F250,1995,1111,75640,102870
DQW062,Suzuki,Forenza,2006,1111,105862,153500
JRI294,Dodge,Viper RT/10,1995,4444,136383,200483
WUD974,Geo,Tracker,1996,4444,35068,39978
ZLN059,BMW,Z4,2004,1111,78260,95477
UTI387,Mazda,B-Series Plus,1998,4444,100684,122834
WVZ674,Oldsmobile,Silhouette,2000,4444,59931,75513
VSF273,Suzuki,Sidekick,1997,4444,26278,35738
JED050,Mercedes-Benz,C-Class,2012,4444,76070,90523
QGM047,Lincoln,Town Car,1996,1111,143708,171013
FUY303,Ford,Bronco,1995,5555,34289,39089
IDX505,Cadillac,Eldorado,1998,1111,12320,14414
DRL253,Dodge,D350,1993,1111,129227,180918
CWV981,Ford,F-Series,1991,4444,141042,205921
QIY933,Pontiac,Trans Sport,1997,1111,141751,163014
WHX080,Ford,E-350 Super Duty Van,2006,5555,77621,102460
GHJ457,Volvo,V50,2008,4444,32041,45498
CQM334,Mazda,B-Series Plus,2000,1111,32707,42846
ENI382,GMC,2500 Club Coupe,1997,4444,116684,173859
NCW020,GMC,2500 Club Coupe,1995,5555,52854,75053
OLE419,Chrysler,Fifth Ave,1993,3333,33095,44016
RXL467,Hyundai,Tucson,2007,3333,111637,135081
CVL609,Suzuki,SJ,1992,1111,91202,118563
DUY046,Mitsubishi,RVR,1995,5555,105974,137766
DMJ058,BMW,M5,2002,5555,93847,138894
AEI157,Hyundai,Veracruz,2009,3333,113195,169793
MAX809,Aston Martin,Vantage,2011,5555,36251,51839
LVW417,Chevrolet,Suburban,2010,1111,66790,94842
TJQ774,Mercury,Mountaineer,2004,1111,36637,50925
MTH070,Mazda,Familia,1985,4444,6606,7927
OHA689,Volkswagen,Golf,1987,3333,18526,20564
QEA343,Buick,Rainier,2005,3333,57726,68694
NGX096,Toyota,TundraMax,2008,3333,23217,27628
MNY043,Toyota,Sienna,2007,1111,56462,62108
TCD945,GMC,Yukon,1999,5555,56299,70937
GWT697,Nissan,Maxima,1994,5555,116263,163931
VGE978,Porsche,Cayman,2008,5555,10635,14038
BLZ631,Mitsubishi,Diamante,1999,4444,131570,185514
WRA538,Mitsubishi,3000GT,1994,4444,129000,189630
GQB677,Isuzu,Axiom,2003,3333,123865,158547
TDG461,Cadillac,Seville,2002,4444,57939,64312
HEP500,Chevrolet,Camaro,1967,5555,18479,22175
CEW726,Isuzu,Impulse,1992,1111,67427,82935
RCQ405,Ford,Econoline E250,1996,5555,76815,94482
ZUP260,Chevrolet,Impala,1995,1111,74017,87340
DCE189,Kia,Spectra,2007,5555,118748,163872
ZYQ423,Toyota,Avalon,2006,4444,28659,36110
ZSB169,GMC,Suburban 2500,1999,3333,72094,96606
OAX403,Toyota,Matrix,2003,4444,102879,114196
WFI121,Oldsmobile,Bravada,1994,5555,137312,182625
JIR529,GMC,Savana 1500,2009,9999,79488,110488
CNG450,Jeep,Commander,2010,4444,146741,205437
IQF082,Lincoln,MKS,2013,1111,41610,61167
TWU306,Mazda,RX-8,2011,1111,102261,127826
YFI938,Mercedes-Benz,C-Class,2006,4444,91762,106444
ZOS234,Ford,ZX2,2001,1111,19165,25681
BGI470,Chevrolet,Malibu,2002,4444,53016,63619
HXC500,Toyota,Sequoia,2002,5555,127101,144895
PFY104,Suzuki,Vitara,1999,1111,21736,31735
POA042,Infiniti,G,2009,3333,132605,196255
BHW179,Volvo,C70,2000,3333,49942,60430
PGE389,Mitsubishi,Raider,2009,4444,24106,29168
ZNC097,Aston Martin,DB9,2008,5555,122939,184409
XWZ436,Mazda,Protege5,2002,1111,44675,61652
ONC886,Hyundai,Accent,2008,5555,44276,51803
OQG154,Dodge,Grand Caravan,2011,3333,49323,72012
OLN085,Mercedes-Benz,CLS-Class,2007,5555,41194,47785
KWR424,Chevrolet,Corvette,1969,3333,102898,136854
VLG044,Porsche,Panamera,2010,1111,146783,168800
VGS133,Ford,E250,2006,1111,65473,73330
MFQ336,Mercedes-Benz,C-Class,2006,4444,49972,69461
QON642,Plymouth,Roadrunner,1969,5555,67374,90281
HWT065,Ford,Econoline E150,1997,4444,51227,67620
BTD671,Ford,Thunderbird,1992,1111,10088,14022
SPH701,Dodge,Stealth,1996,5555,146865,198268
SWZ766,Audi,90,1994,3333,87583,107727
OEI639,Acura,SLX,1996,1111,9336,12324
XHV313,Suzuki,SX4,2011,3333,113502,157768
HKR713,Nissan,Sentra,2008,3333,141703,157290
HBC994,Lexus,ES,1998,4444,7061,10380
YIT575,Suzuki,Aerio,2004,1111,96840,137513
VXN610,BMW,M5,2010,1111,91977,126928
KWO284,Mercedes-Benz,SL-Class,1999,4444,57467,64363
ZYS503,Dodge,Caravan,2001,1111,101350,144931
UTV070,Chevrolet,Malibu Maxx,2006,5555,29814,38162
XLW831,Toyota,Land Cruiser,2003,1111,142162,179124
DOZ570,Volkswagen,Type 2,1991,1111,149323,200093
DTH908,Subaru,Alcyone SVX,1994,3333,99994,118993
MBG692,Mazda,Protege,1993,4444,8372,11135
FMO895,Mercedes-Benz,SL-Class,1995,3333,90942,115496
LUQ538,Chevrolet,Silverado 1500,2001,3333,114959,127604
LEH329,GMC,Safari,2001,1111,146036,194228
QIH949,Infiniti,QX56,2007,4444,24597,35420
ZUR971,Lotus,Evora,2011,1111,95269,139093
HEP720,Suzuki,Aerio,2002,4444,109441,152123
LWP457,Pontiac,GTO,1973,5555,135156,189218
SXT777,Saturn,VUE,2003,4444,74376,101151
FPC907,BMW,760,2005,1111,132811,179295
NBO187,Mercury,Capri,1984,5555,31249,36249
VCP311,Chevrolet,Lumina,2000,3333,129916,152002
CWJ027,Volkswagen,Jetta,1993,1111,141719,161560
AOI613,Ford,Mustang,2008,5555,40328,60492
UBJ269,Honda,Insight,2005,1111,132755,147358
XMR954,Buick,Riviera,1989,4444,36462,46307
VOH149,Isuzu,Trooper,1998,1111,87862,101920
NDZ048,Ford,F-Series Super Duty,2008,1111,22391,27317
XPI607,Volvo,V90,1997,3333,138650,188564
FTK128,Nissan,Quest,2009,5555,129252,144762
UGR169,Ford,Th!nk,2001,5555,103226,117678
ADT208,Audi,200,1990,1111,80960,106058
FYG794,Mitsubishi,Eclipse,2003,5555,48647,71511
KUO631,Chrysler,300,2005,1111,129196,145991
EAQ222,Land Rover,Range Rover,2003,1111,99427,132238
DQF281,Volvo,V50,2006,3333,22730,25003
RQZ614,Volkswagen,Cabriolet,1990,1111,50027,67036
YCM145,Jaguar,XK Series,2000,4444,115843,142487
ESX369,Mercedes-Benz,CL-Class,1999,4444,77627,107902
WDK239,Dodge,Dakota,1996,4444,33468,49533
KFP437,Audi,RS 6,2003,3333,120825,161906
LYP761,Dodge,Intrepid,1997,1111,59050,83851
JCK962,Buick,Riviera,1998,5555,38893,46283
CIY138,Lamborghini,Gallardo,2007,1111,140723,159017
TOK892,GMC,Rally Wagon G2500,1995,3333,26458,31485
INK362,Ford,Edge,2007,3333,109297,147551
YMS828,Mazda,Millenia,1999,3333,117649,175297
WXQ202,Porsche,Boxster,2009,1111,76280,93824
WCN877,BMW,7 Series,2003,5555,124226,163978
IAQ769,GMC,Sierra 1500,2006,5555,11833,16685
RCS591,Ford,F-Series,1989,3333,36491,43789
WXT354,GMC,Savana,2009,3333,99137,118964
KMU470,Nissan,Sentra,2007,1111,120761,176311
FUO566,BMW,X5,2010,1111,41143,45669
OAN004,Buick,Riviera,1996,1111,105182,116752
RMX519,Saturn,Relay,2005,4444,85676,108809
XMS319,Mercedes-Benz,500SEC,1993,3333,118051,177077
HGZ099,Lexus,ES,2006,4444,97571,136599
LIZ863,Dodge,Ram Van B350,1993,4444,25551,28106
QHB545,Maybach,57,2012,5555,33517,41896
REH323,Infiniti,FX,2012,5555,126818,162327
XJV348,Nissan,Titan,2009,4444,119165,139423
QEX463,Buick,Park Avenue,1993,4444,37183,55031
CIF919,Toyota,Matrix,2005,3333,42818,50953
BTA608,Ford,Aerostar,1993,5555,91076,132060
WAT404,Ford,Mustang,1985,5555,56085,67863
XPF946,Chrysler,Crossfire,2008,1111,71499,102244
LTU128,Pontiac,Firebird Formula,1992,1111,73044,105183
XGP133,Ford,Expedition,2004,4444,54879,63111
ZCK554,BMW,3 Series,2008,1111,31725,38705
OYH149,Hyundai,Accent,2007,4444,132727,164581
BGW102,Chevrolet,Malibu,1997,1111,45246,55653
NFZ163,Lincoln,Town Car,1992,3333,19675,25971
THO305,Dodge,Daytona,1993,4444,46699,54171
PJQ955,Pontiac,Sunfire,2004,5555,86573,118605
RNK541,Toyota,4Runner,2010,3333,50855,64586
BVI071,Chrysler,300M,2004,1111,140433,171328
WHO218,Infiniti,FX,2010,4444,92913,114283
PMZ140,Jaguar,XK Series,2000,1111,94671,114552
SYM819,Chevrolet,Impala,2009,5555,148981,193675
REO365,Land Rover,Range Rover,2009,4444,44733,51443
LSD718,Chevrolet,Aveo,2010,3333,105232,123121
APV212,Lincoln,Navigator,2007,3333,16446,19077
NWA947,Infiniti,FX,2009,4444,42603,50698
SNV227,Mercury,Milan,2007,5555,78288,108037
OHD363,Ford,Explorer,2005,4444,29666,44499
VHE005,Ford,Explorer,2010,4444,49774,61720
JMG419,Mercedes-Benz,300SD,1992,3333,64070,83932
TNF368,Mitsubishi,Montero Sport,1997,4444,138245,201838
TDN941,Chrysler,Crossfire,2007,1111,114835,137802
DOC972,Lexus,LS,2007,5555,33026,39961
CLA776,GMC,Envoy,2000,1111,129240,178351
OSB652,Chrysler,Town & Country,2001,3333,43001,57191
GSH118,Toyota,4Runner,2001,5555,23024,32003
SRN342,Audi,Coupe GT,1986,1111,100450,117527
NJL410,Dodge,Ram,2003,5555,129453,183823
NAF039,Saab,900,1989,5555,141099,186251
VUP503,Toyota,Avalon,2011,5555,43958,61102
DRU159,Lamborghini,Countach,1987,1111,29492,42174
DHK559,Honda,Civic,2004,1111,52370,75413
ZYB390,Pontiac,Firefly,1995,3333,30418,43194
LZJ708,Mercedes-Benz,G-Class,2004,4444,8667,13001
YMJ505,Mercury,Cougar,1969,5555,84904,93394
ZDN012,Hyundai,Tucson,2008,5555,32469,38963
RQH065,Pontiac,Sunbird,1993,4444,139684,174605
HNQ525,Bentley,Continental Flying Spur,2006,4444,67453,82967
QXK328,Volkswagen,Beetle,1967,5555,49763,66185
REA430,Mercedes-Benz,CLK-Class,1998,4444,133625,197765
EYA046,Volkswagen,Cabriolet,1985,5555,121692,146030
GOX155,Honda,Accord,1996,5555,51775,76627
TGO515,Ford,Excursion,2002,3333,30497,42696
QAR733,Infiniti,I,1997,3333,87028,127061
UWV080,Porsche,928,1993,5555,110873,138591
HNR185,Chrysler,New Yorker,1994,3333,63450,69795
IJG263,Acura,RDX,2009,4444,28493,31912
RDE280,Mercury,Capri,1994,4444,85235,113363
QMF024,Chrysler,300,2008,1111,43438,59510
DGS479,Ford,Thunderbird,1991,1111,92454,111869
ZNQ022,Dodge,Charger,1969,5555,114783,144627
HDK608,BMW,1 Series,2010,4444,28596,37175
TYB283,Acura,RL,2010,1111,113729,145573
KVJ495,Kia,Sorento,2009,4444,62046,93069
OAH348,Plymouth,Sundance,1993,1111,144167,214809
BJX181,GMC,Sierra 3500,2004,5555,76295,113680
HAZ569,Subaru,Justy,1992,4444,112138,125595
TZK916,Bentley,Continental,2008,5555,67730,77890
WQJ186,Volkswagen,Passat,2001,4444,147103,200060
KTX996,Suzuki,SJ,1993,3333,33902,40682
BXJ350,Lincoln,MKS,2009,5555,73799,95939
QOX507,Pontiac,LeMans,1990,1111,86997,102656
UFB360,Ford,Ranger,2010,3333,82375,109559
MCS200,Lamborghini,Gallardo,2006,3333,36963,42507
UGX473,Volkswagen,Cabriolet,1991,3333,139386,202110
ZJC109,Scion,xB,2012,4444,85002,114753
FDZ581,Dodge,Dakota Club,2003,5555,47777,59721
QWA336,Chevrolet,Impala,1994,1111,18002,26103
LVW772,Toyota,Tacoma,2003,3333,122357,179865
PGI421,Mercedes-Benz,R-Class,2009,1111,132317,179951
KHO000,Ford,F250,2009,3333,117310,170100
KVR248,Isuzu,i-370,2008,1111,119824,150978
JVG747,Honda,Prelude,1995,9999,136214,177078
PAQ757,Toyota,MR2,2000,4444,87899,102842
MJT385,Ford,Bronco,1991,1111,86690,96226
XDW745,Oldsmobile,Aurora,2001,3333,124944,173672
FDL514,Mercedes-Benz,S-Class,1997,4444,132972,192809
DOJ170,Lexus,ES,2011,4444,44577,49480
SKM941,Dodge,Dakota,1993,1111,6090,8526
BWU059,Dodge,Ram Van 2500,1998,5555,90724,103425
DAG614,Dodge,Ram Van B150,1994,5555,31831,42017
RFM143,Isuzu,Hombre Space,1998,1111,44675,67013
TAE046,GMC,Savana 2500,2012,3333,39571,47881
QES588,Dodge,Aspen,1976,4444,124214,168931
IJQ511,Mazda,Tribute,2009,4444,83291,97450
SHA566,Nissan,Maxima,2011,1111,99169,145778
TJF484,Mazda,Tribute,2010,5555,41328,57033
JMI457,Saab,9-May,2010,3333,105408,157058
HTG055,Mazda,MX-5,1997,3333,6128,8457
UNG650,Pontiac,Firefly,1986,1111,90883,129054
SFE995,Buick,Park Avenue,1998,1111,38896,52899
LDY739,GMC,Acadia,2009,3333,63626,72534
YPQ286,BMW,7 Series,2001,1111,11867,16139
MWG323,Chevrolet,Citation,1980,5555,112534,139542
ILW550,Chevrolet,Suburban 1500,1992,4444,46296,54166
LDP691,Suzuki,SJ 410,1986,3333,18656,23320
SWH925,Toyota,Solara,2000,1111,24003,26883
WGJ673,Porsche,Boxster,2010,3333,93607,111392
XGC436,Chevrolet,Tracker,2002,3333,11454,15005
JYS482,Dodge,Caravan,2006,1111,55438,82048
JQT421,Kia,Sportage,1998,5555,42811,50945
YWL868,Mitsubishi,Chariot,1987,3333,51253,62529
AGY215,Chevrolet,Colorado,2010,4444,110005,133106
XDT410,Ford,F350,2009,4444,17245,25695
OQW490,Nissan,Titan,2010,3333,83406,92581
JCO696,Chrysler,Concorde,1996,4444,12836,14376
YTE254,Dodge,Ram,2007,3333,133729,153788
CGO790,Acura,Integra,1993,3333,31464,37442
NPS721,Lexus,LX,2004,1111,91845,106540
QLV256,Dodge,Ram 3500,2000,4444,103400,126148
RLS090,Ford,F350,1997,5555,9297,13481
FGT220,GMC,Yukon XL 2500,2012,4444,98257,111030
ZRU128,Mercedes-Benz,CLK-Class,2001,1111,137033,152107
TQU436,Plymouth,Acclaim,1994,1111,89742,110383
CTM682,Mercury,Grand Marquis,1993,3333,103799,119369
PUA622,Volkswagen,Rabbit,2010,1111,38001,46361
GQN074,Pontiac,Grand Prix,1997,3333,138351,161871
QKT531,Chevrolet,Metro,2001,5555,25942,31649
OXC453,Audi,5000CS Quattro,1986,1111,61879,81680
ENQ571,Land Rover,Discovery,2002,4444,146816,211415
QVE845,Bentley,Continental GTC,2010,5555,66342,96196
ZKP931,Mitsubishi,Mirage,1984,3333,92492,119315
WPL991,Cadillac,Escalade EXT,2002,1111,8663,12301
UEC598,Toyota,4Runner,1994,5555,142907,204357
YCA583,BMW,M3,2001,4444,95532,120370
EXW711,Pontiac,Montana,2001,3333,43487,54794
XOH274,Mercury,Tracer,1994,5555,83909,109082
QGD717,Nissan,Pathfinder,2011,1111,87628,120050
SOW633,Pontiac,Grand Prix,1981,3333,53417,70510
WRP368,Land Rover,Range Rover,2003,3333,8473,12710
FNE098,Rolls-Royce,Phantom,2010,3333,116979,153242
TYA780,Dodge,Colt,1992,5555,32877,44384
SOX386,Jeep,Liberty,2008,4444,28053,33383
XMY025,Toyota,Avalon,2004,4444,148628,212538
XPC957,Chevrolet,Corvette,1973,1111,116475,143264
BLN198,Cadillac,CTS-V,2009,1111,113922,131010
WLJ559,Land Rover,Freelander,2011,1111,112811,135373
FBD953,Chevrolet,S10,2002,5555,51246,75332
KSJ584,Audi,A4,2007,5555,51441,73561
EVB425,Buick,Rendezvous,2005,4444,43747,55121
WHP755,GMC,Sierra,2011,4444,32975,44187
ZID259,Nissan,Leaf,2012,3333,130581,152780
HVP133,Pontiac,Firebird,1989,4444,67777,92854
AYJ991,Buick,LaCrosse,2010,3333,58619,80894
UCJ278,Ford,Explorer,2010,3333,85735,120029
GWM456,Acura,TL,2010,4444,87611,100753
NDJ751,Pontiac,Safari,1987,3333,93196,118359
AGW564,Ford,Mustang,2005,3333,87746,124599
JXG120,Kia,Rondo,2009,5555,13085,15048
QAP875,Mazda,RX-7,1986,1111,74867,86846
TIW487,Volvo,V70,2010,3333,128465,187559
UVZ195,Subaru,B9 Tribeca,2006,5555,5100,6936
FBX048,Maserati,GranTurismo,2008,1111,133613,171025
HPU619,Volkswagen,CC,2009,1111,42635,61821
UOE566,Porsche,Boxster,2004,1111,73211,100299
URK558,Audi,riolet,1994,5555,119766,143719
ODP220,Oldsmobile,88,1992,4444,56617,82095
ESK219,Mercury,Grand Marquis,2000,3333,123575,173005
TMA013,Mercedes-Benz,CLS-Class,2007,3333,21739,27391
DGM701,Saturn,VUE,2010,3333,97303,127467
DTJ197,Oldsmobile,Achieva,1994,4444,75670,99884
SHQ102,Cadillac,Escalade,1999,3333,93216,114656
VGC471,Buick,Regal,1996,1111,107983,143617
AGX608,Lincoln,Mark VIII,1994,5555,94807,116613
ELY207,GMC,Sierra 2500,2007,4444,121611,179984
MYX221,Ford,F-Series,1985,4444,59910,83874
NCX921,Mitsubishi,Eclipse,2003,1111,91853,135024
MXW997,Isuzu,Rodeo,1998,1111,128871,159800
RVB911,GMC,Sierra 1500,2011,5555,116223,167361
DEU749,Kia,Borrego,2009,5555,141252,192103
SMG815,Nissan,Stanza,1992,3333,112842,168135
HRC241,Porsche,Boxster,2000,4444,84545,109909
TCV393,Lincoln,Town Car,1984,4444,6071,7164
WTV950,Kia,Carens,2008,3333,54047,78909
XWF344,Suzuki,Grand Vitara,2002,4444,26529,38998
DAE803,Volkswagen,Cabriolet,1991,5555,109760,129517
NBD541,Chrysler,PT Cruiser,2002,5555,137782,195650
EGS457,Porsche,944,1988,5555,65060,81325
EFV958,Chevrolet,Tahoe,1995,5555,91322,124198
VDR783,Chevrolet,LUV,1979,1111,148488,209368
PTE596,Chevrolet,Cruze,2011,1111,55265,76818
PCO841,Chevrolet,Venture,2002,3333,78046,88972
IRJ916,Toyota,RAV4,1998,4444,120815,134105
KPE983,Volvo,C70,2002,5555,119492,151755
CBJ270,Volvo,V70,2002,3333,35551,39817
TEV859,Saab,9000,1998,4444,18156,24329
AJL544,GMC,Yukon XL 2500,2008,4444,137627,155519
REU526,Hyundai,Tiburon,2006,1111,55296,61379
SZX319,Mitsubishi,Chariot,1996,3333,19641,25926
DEC385,Volkswagen,Jetta,1995,4444,81359,104140
MXA099,Mazda,B-Series Plus,2004,1111,31964,45389
XWT254,Mazda,Mazda3,2012,5555,63568,92174
TUG836,Mercedes-Benz,500SEL,1993,1111,73799,92249
PFH552,Infiniti,J,1994,1111,85598,118981
VFW931,Subaru,Forester,2012,4444,14645,18306
JIZ421,Dodge,Ramcharger,1992,5555,118375,165725
NWJ909,Cadillac,Escalade EXT,2009,5555,111086,153299
KMO852,Plymouth,Acclaim,1994,1111,90811,119871
FBA116,Infiniti,Q,2006,1111,82618,119796
NBA791,Infiniti,Q,1998,4444,97249,141984
WVA857,Lincoln,MKT,2011,5555,116826,142528
UPT377,Hummer,H1,2001,5555,90818,108073
QSY154,Ford,Aerostar,1990,3333,71262,80526
PLB569,Smart,Fortwo,2008,5555,148060,196920
EZN023,Mitsubishi,Cordia,1984,1111,115144,126658
GPW123,Pontiac,Grand Prix,1972,4444,127012,189248
VIZ818,Isuzu,Rodeo Sport,2002,5555,94184,132799
DTW796,Isuzu,Amigo,1992,1111,56955,64359
NZF221,Jeep,Grand Cherokee,1998,4444,125108,137619
DAW795,Volkswagen,GTI,1998,5555,16553,21684
UTC432,Infiniti,FX,2011,1111,147134,194217
XGF124,Ford,Bronco II,1984,5555,50305,68415
XOP187,Pontiac,Parisienne,1986,1111,111654,155199
UQC892,Acura,RL,2002,3333,119339,176622
XUK878,Mitsubishi,Cordia,1987,3333,121978,141494
YED614,Chevrolet,Suburban,2009,5555,86013,119558
LKU385,Mitsubishi,Pajero,2000,5555,69461,97245
FHU962,Buick,Riviera,1997,1111,16359,22575
FOU414,Volkswagen,Tiguan,2011,5555,44374,51030
DQB303,Chrysler,Crossfire Roadster,2006,1111,14191,17313
XMZ961,Buick,LeSabre,1994,3333,98463,139817
FVN131,Dodge,Grand Caravan,1998,3333,124545,164399
YSF519,Mercedes-Benz,S-Class,1993,3333,53281,75126
TPH454,Mercedes-Benz,W126,1983,3333,63394,79243
JBW007,Chrysler,Crossfire,2007,1111,54986,73131
JDO576,Nissan,Murano,2007,4444,103468,127266
OHD778,BMW,Z4,2008,4444,31868,42703
DKV804,Mitsubishi,Eclipse,2009,1111,20961,23057
TSP358,Hyundai,Accent,2008,4444,16659,18325
WNU366,Lincoln,Navigator,2003,3333,96795,133577
YNR310,Chevrolet,Monte Carlo,1997,5555,128160,184550
KNQ984,Lincoln,Continental,1996,1111,83627,109551
PVD200,Honda,Accord,1989,5555,81599,118319
FCS146,Mazda,Tribute,2003,3333,20079,26705
ZSL977,Pontiac,Grand Prix,1998,3333,133693,148399
QBH775,Mercury,Mariner,2006,5555,99742,115701
LEV722,Chevrolet,Malibu,2013,4444,23382,33202
VSM516,Volkswagen,Corrado,1990,1111,114519,128261
ATX072,Subaru,Impreza,2000,4444,145938,175126
QVY936,BMW,5 Series,2000,3333,127699,162178
RBJ840,Ford,Bronco,1995,4444,17509,19610
OJU605,Toyota,MR2,1986,3333,46561,63323
SNF282,BMW,530,2004,5555,118152,132330
CXS389,Acura,MDX,2005,4444,83811,102249
SMZ570,GMC,Terrain,2010,1111,133507,192250
ZNJ962,BMW,745,2004,5555,63093,71926
SUP760,Nissan,Stanza,1992,4444,72293,89643
SFZ717,Honda,Accord,2012,5555,148945,181713
WIK897,Mercedes-Benz,CLS-Class,2006,5555,133771,155174
QJZ216,Ford,Mustang,2001,5555,44361,63880
AWH266,Mazda,626,1989,4444,136559,182989
YBX122,Nissan,Altima,2003,3333,69083,93953
BEW377,Chrysler,Sebring,2006,3333,60760,71089
RBV160,Mercedes-Benz,Sprinter,2011,4444,111643,129506
ZRK601,Mitsubishi,Mirage,1997,1111,89716,134574
BEA678,BMW,525,2004,4444,98416,118099
QGJ223,Ford,Mustang,1974,4444,144841,169464
XWP346,Nissan,Maxima,1999,5555,140905,193040
LGC733,BMW,8 Series,1996,5555,120705,152088
GSU496,Ford,Bronco,1991,5555,141738,158747
LQO219,Suzuki,Swift,2000,4444,17413,21418
WPC867,Volkswagen,Golf,1989,1111,143381,172057
GIQ825,Dodge,Intrepid,2001,5555,37406,49750
THZ169,Cadillac,CTS,2006,3333,29977,42567
CNX497,Mazda,Mazda3,2008,4444,30351,35511
JNV960,Isuzu,Ascender,2006,3333,112210,159338
TSN366,Buick,LaCrosse,2007,1111,122983,164797
WDQ552,Saab,9-Mar,2008,1111,99257,120101
DYF721,Pontiac,G8,2009,4444,43325,59789
LCF149,Mercury,Grand Marquis,1994,5555,139267,171298
DWQ995,Buick,Century,2004,3333,96993,122211
AWZ372,Suzuki,Sidekick,1995,4444,108893,141561
YJB065,GMC,Sierra,2012,9999,83988,104145
YFZ256,Ford,Econoline E150,2000,1111,146355,165381
WJG387,GMC,Sonoma Club Coupe,1998,3333,135351,177310
VWP044,GMC,Suburban 2500,1998,5555,54195,80751
UKN765,Chrysler,Town & Country,1994,1111,76075,111070
VAR933,Isuzu,i-370,2008,1111,42866,57012
SXH827,Chevrolet,2500,1996,1111,59974,76767
HPV027,Pontiac,Bonneville,1989,3333,75045,112568
HTQ060,Dodge,Grand Caravan,2012,1111,127030,166409
GIF787,MINI,Cooper,2011,5555,30495,37814
HUM474,Studebaker,Avanti,1961,1111,81793,112874
BPA959,Mitsubishi,Galant,2000,1111,113360,133765
RUN885,Acura,RL,2007,3333,68801,91505
TAK687,Porsche,944,1983,3333,41326,59923
RLH511,Lexus,LX,1999,1111,54870,81756
ESQ671,Chevrolet,3500,1997,1111,134591,193811
CYL734,Toyota,Tacoma,1999,5555,35285,41283
QOT310,Jeep,Wrangler,2009,3333,35598,52685
UPH524,Buick,Regal,1994,3333,94026,125055
JDI711,Porsche,Boxster,2007,5555,85123,94487
AXG571,GMC,Jimmy,2001,1111,8146,10997
DZC367,GMC,Yukon XL 1500,2012,3333,135503,168024
ZJI368,Toyota,Avalon,2012,4444,53324,67721
JRE649,Nissan,Maxima,1998,1111,49037,54431
PCE799,Chevrolet,Camaro,1973,3333,76875,106088
UTA177,Toyota,4Runner,2008,5555,149836,185797
SFJ600,Audi,A6,2007,4444,10534,11903
TYF564,Buick,LaCrosse,2009,4444,41861,51489
YGX443,Dodge,Grand Caravan,2012,4444,74174,100135
NHO632,Hyundai,Elantra,2012,3333,142359,175102
ABP919,Ford,Excursion,2002,3333,140027,190437
GWD125,Volvo,940,1995,5555,92556,112918
GHQ164,Suzuki,Grand Vitara,2010,1111,77300,95079
GHR867,Porsche,928,1985,1111,120440,177047
MBI584,Honda,Odyssey,2012,4444,5120,5837
GYC011,Volvo,S40,2004,4444,47910,52701
CAS434,Chevrolet,Express 3500,2005,3333,118436,169363
KBH374,Kia,Sephia,1995,3333,15421,21744
DSE983,Chrysler,LeBaron,1995,3333,68140,90626
UCF436,Mazda,MX-5,1994,1111,16582,19235
VQR075,Mercedes-Benz,W201,1988,5555,112135,167081
OWJ936,Cadillac,XLR-V,2007,3333,14988,20833
WLI522,BMW,600,1954,4444,64058,89681
GUE557,Mitsubishi,Mirage,1994,1111,111707,146336
WMF013,Hyundai,Tiburon,2005,3333,82622,114845
LWN439,Suzuki,Swift,1987,3333,60080,79306
LZU934,Rolls-Royce,Phantom,2011,5555,95959,109393
KXC281,Chevrolet,Silverado,2008,3333,20551,28155
VNB105,Kia,Rio,2004,1111,65366,83015
CQW041,GMC,Sierra 1500,2007,3333,143036,163061
XQP000,Volkswagen,Scirocco,1986,3333,127854,155982
EIG339,BMW,M6,2008,1111,111441,148217
XJG404,Pontiac,Vibe,2010,4444,130584,156701
MQX507,Acura,Integra,1995,5555,133212,185165
IFT455,Hyundai,Accent,1996,4444,89277,125881
GCL504,Mercedes-Benz,G-Class,2007,9999,67618,81142
MYB843,Mercury,Capri,1993,1111,83465,95150
BES703,Honda,Ridgeline,2010,1111,114131,140381
HSU006,Mercury,Cougar,1990,5555,53885,68973
JHC050,Geo,Tracker,1993,3333,15169,20478